<?xml version="1.0" encoding="UTF-8"?>
<project-private xmlns="http://www.netbeans.org/ns/project-private/1">
    <editor-bookmarks xmlns="http://www.netbeans.org/ns/editor-bookmarks/2" lastBookmarkId="0"/>
    <open-files xmlns="http://www.netbeans.org/ns/projectui-open-files/2">
        <group>
            <file>file:/C:/Users/D%20E%20L%20L/Documents/Nahomi/Tarea%20Estructura%20de%20Datos/Estructura-de-Datos/14%20Problemas/Ejercicio8/src/ejercicio8/Ejercicio8.java</file>
            <file>file:/C:/Users/D%20E%20L%20L/Documents/Nahomi/Tarea%20Estructura%20de%20Datos/Estructura-de-Datos/14%20Problemas/Ejercicio8/src/ejercicio8/Metodos.java</file>
        </group>
    </open-files>
</project-private>
